movie_id,movie_name,reviewer,review_time,content,votes
36238849,玩具总动员5,西雨,2026-06-19 14:48:35,不是说好伍迪当你们的伴郎吗,1963
36238849,玩具总动员5,天马星,2026-06-19 02:04:30,虽然叫《玩具总动员》，但这个系列永远是关于人的故事，因此不管是电子产品还是怀旧玩具，玩乐的方式始终只是起点，而终点永远是人与人之间那份真诚而有趣的连接，愿你我能勇敢地踏出第一步，最终找到与你同频共振的朋友。,1140
36238849,玩具总动员5,桃桃林林,2026-06-19 15:07:58,唠叨一万次也是玩具3最高，如今想来，那更多是给经历过玩具时代的人们的一次美好的回忆。而现在的玩具5，纯是硬找一个敌人生编出的故事。扔出一个大问题：电子产品时代如何对抗对小屏幕的痴迷。但却也无法给出任何有创意的答案，最后也只是稀里糊涂的包饺子。这个系列真的该结束了，再拍都要登味了。毕竟经历玩具时代的人早就长大了，现在再怎么拍都只能是回忆当年美好。要记得，现在的小朋友就是电子产品时代长大的。,1123
36238849,玩具总动员5,阿蕭,2026-06-18 14:05:53,其实很残忍的，没有留在上一部自由追梦开放式大结局，还把秃顶的胡迪喊回来晃一晃啤酒肚。更像是拍给成人世界的糖水童话。,921
36238849,玩具总动员5,tongll,2026-06-19 04:48:16,在2026还能看到这种真情实感不是ai制作的电影感觉好幸福呀…好浪漫呀…看到一半意识到女性角色翠丝领导一切，作为男性的巴斯光年和胡迪为了谁是副警官吵起来，但一切都那么自然。不是为了哪吒去死的母亲，不是衬托男主的女主。一想到人家是玩具总动员5我们是哪吒2就好绝望…,2454
36238849,玩具总动员5,Monaghan,2026-06-19 12:32:55,玩具其实就是还没长大的我们，脆弱不安又充满干劲。,549
36238849,玩具总动员5,多云,2026-06-18 13:52:22,谢谢皮克斯送给世界的礼物，请继续拍下去吧，我会好好活着的。,2069
36238849,玩具总动员5,momo,2026-06-19 16:06:50,说实话真的看得有点生气了。本来很期待会如何处理电子屏幕吸引孩子注意力的问题，结果解决方式居然是“玩老式玩具的孩子是特别的”？？所有高光戏份全在新款巴斯机械降神，翠丝简直是暴躁版的胡迪，性格毫无体现，群像弱爆，蛋头夫妇一句台词都没有。主题上从上一部挣扎探索独立，又回归到陪孩子，何尝不是一种倒退。,759
36238849,玩具总动员5,20个小明≯,2026-06-18 01:28:24,比上一部好看太太太多了！万万没想到剧情展开会如此跌宕起伏，多线推进完美交汇，情绪大起大落被完美拿捏！信息密度非常高，叙事极其高效，完全没有闲笔，让人拍案叫绝的细节和彩蛋多如牛毛（具体不能剧透），后程有效高光名场面更是连环轰炸！关键这一部的立意很有当下性，直击要害但丝毫不显说教，主旨更是不忘初心，让人非常感动！第一次在迪士尼看迪士尼的首映，开场有上迪10周年的特殊城堡片头，现场掌声雷动！一切都太梦幻了…（6.12华特迪士尼大剧院,448
36238849,玩具总动员5,昭和惊弓鸟,2026-06-19 02:50:09,皮克斯立业之本的拳头产品也来到了创意枯竭的一作，多线叙事相当松散，在4里已经把玩具如何重拾自我价值的主题讲到极致，到了5的核心表达反而变得这么手忙脚乱，翠丝那些切肤的表演时刻虽仍能让人感动，但老人们在数字时代不断负隅顽抗的使命执念该如何在前行的巨轮上找到新的出口？这不是结尾这场显得敷衍的和解所能产生说服力的。,333
36675848,问心2,7uili,2026-07-05 13:31:35,神一阵鬼一阵，好在结局可以，我的逸然圆满，但该说不说还是第一季好，白月光级别,5
36675848,问心2,沈欺霜,2026-06-23 12:39:53,手术戏拍得够专业，能看出来剧组是真的下过功夫研究的,440
36675848,问心2,傲寒,2026-06-20 09:48:58,问心2上哪儿找到那么多顶级配角？！！！太牛批了。和雪妹含蓄克制的演技哭死我了。随着平津侯、高明师父和梅得福轮番登场，对问心2更有信心了！,557
36675848,问心2,cuddlelife,2026-06-24 20:38:54,科室斗争、绩效分配、竞聘规则、医疗器械销售的潜规则，医院职场属性很全面展现出来了,179
36675848,问心2,安定,2026-06-19 19:38:25,把医生美化的太好了，真当我我没去过医院啊，闹钟医生那个不耐烦，尤其主任看病的时候，敷衍只想下班的态度我印象可太深刻了,308
36675848,问心2,爱妃朕是皇上啊,2026-06-25 21:43:20,我不知道您是怎么了，好不容易等来了原版人马第二部，编剧疯了，什么初恋带娃之类的弱智剧情男主也不一定非要个女人，还有弟弟不是不能死，但非要制造冲突也不用把林逸当日本人整吧，，，编剧梦到哪写到哪，我真是,287
36675848,问心2,爱在午夜降临前,2026-06-19 11:36:16,以医者成长观人间百态，续作不注水、质感再升级。,444
36675848,问心2,世界的甲板,2026-06-29 21:08:55,三观非常正的一部剧,9
36675848,问心2,边说边学的小涛,2026-07-04 06:09:43,欧阳野心勃勃却不失温度，筱然柔韧有光，龙泉沉稳内敛，姜老师细腻如针，女性角色没有一个是工具人,0
36675848,问心2,宫吉,2026-06-21 19:18:37,成年人的世界没有容易的，林逸、欧阳、筱风.....每个人都有自己的修行,427
1291561,千与千寻,SH&^U&^N64,2006-10-12 16:19:42,不努力工作会变成猪,18789
1291561,千与千寻,zing,2008-03-07 14:00:22,"每次看这些神作的时候想到这是动画片这是一群牛人一笔一笔画出来的,就觉得漏看掉一帧都实在是对不起他们啊",16176
1291561,千与千寻,░▒▓██,2009-11-25 16:42:47,曾发生过的事请不可能忘记 只不过是你想不起罢了,12992
1291561,千与千寻,Yolanda,2007-01-22 00:13:32,十年后重看只想大哭，其实我们都明白这个结局。,11126
1291561,千与千寻,闲潭影,2009-12-19 22:57:35,最好的宫崎骏，最好的久石让。,6272
1291561,千与千寻,影志,2006-02-04 06:21:11,“有些事情是不可能忘记的，只是一时想不起来。” 忘了怎么打动我的了…好像不是打动，而是震撼。,5655
1291561,千与千寻,根,2019-06-21 23:32:07,隔那么多年再看，还是会二话不说就爱上温柔的白龙，还是会被无脸男捧出的一把木牌打动，还是想坐在阁楼上边吃豆包边看电车从海上驶过，但是……再也说不出“想留在那样的世界再也不出来”的话了！愿幻想的世界里没有工作！ 话说千寻现在也28岁了啊，不知道有没有和白龙重逢，如果按好故事的标准，应该是没有吧？她大概已经变成了普通的上班族，每天搭末班电车回家，只是在路过每一条河流时，会想起少女时曾经爱过一条龙。,4772
1291561,千与千寻,老鸡｜扶立,2008-01-10 16:32:20,莫贪吃！贪吃变成猪！,4548
1291561,千与千寻,唐喜乐,2007-04-08 14:39:09,你忘了吗? 往下飞的时候眼泪是往上流的.,4437
1291561,千与千寻,bekey,2018-03-09 11:15:17,欲望无限，就会让你失去自己，进而痛失所爱；在残酷的环境下，只有努力去适应并寻求改变，才能有突破的可能；成功路人，伯乐很重要，一定要记得感恩；奋斗途中，会有妖魔鬼怪，也有可爱温暖的无脸男和小白。节制欲望、不断进阶、知世故而不世故、做个善良有温度的人。千寻，你是最棒的！,3558
35010610,挽救计划,Consuela.W,2026-03-21 00:31:30,高司令不跟女主谈恋爱，此乃一胜。高司令不是自愿上太空的，此乃二胜。高司令最后没回地球，此乃三胜。,39716
35010610,挽救计划,东门捷径小V,2026-03-18 10:39:08,格雷斯最后选择留在波江座的决定，是非常令人动容的一幕。在地球他不过是个被时代洪流裹挟的科学家，是那个被动扛起大旗、毫无选择权的“工具人”，可到了波江座，他才终于活成了“自己”。那些长相怪异的外星人没有把他当异类，反而为了迁就他的生活习惯，给他造海建岛，给予了他尊重和选择，这种来自异星的、毫无保留的善意令人触动。他留下，不是牺牲，是另一种意义上的圆满，当他成为一名老师，将知识与文明绵延传递时，他终于在不属于地球的地方完成了自我救赎。,16805
35010610,挽救计划,鱼京_,2026-03-22 19:39:45,把你当工具人和血包的原生家庭就要尽早割席，要是有幸遇到真正尊重你的对象远嫁也是个不错的选择，因为伴侣才是你自己选择的亲人。。。,11621
35010610,挽救计划,天马星,2026-03-20 22:56:54,感觉波江座星人都是ENFP快乐小狗！,9986
35010610,挽救计划,辋川，,2026-03-22 21:46:21,不必返航，那里不是家乡。,12578
35010610,挽救计划,夏予川,2026-03-20 20:40:32,👎找到了多年前看《降临》的感觉，但…这么多年了，中国科学家的中文真的比外星语还难学吗？🥶真难绷。,10505
35010610,挽救计划,急需睡眠和水,2026-03-24 22:44:11,一个连条狗都没有，上下班只能骑自行车的人，却在另一个星球上拥有自己的海，怎么不算科幻呢。,10529
35010610,挽救计划,旺旺,2026-03-20 21:12:49,我不理解为什么要把外星人塑造成人类的狗,10159
35010610,挽救计划,好困,2026-03-21 21:52:11,高司令继石头姐之后合作了石头（,8575
35010610,挽救计划,lena,2026-03-18 00:49:59,Rocky是挺可爱的 但作为一个T人 我总是觉得人对外星体的想象有大量自我感动的成分 不是凶神恶煞的怪物就是缔结深厚友情的伙伴…,6068
37332784,我，许可,静か,2026-04-03 08:49:40,点开差评全是男的评的，你就知道这是一部好的女性主义电影。,11359
37332784,我，许可,Y,2026-04-03 12:31:06,我许可这部女性主义电影不够完美,14129
37332784,我，许可,gugugufly,2026-04-03 20:56:44,为什么要和好东西比较，先让这种女性主题电影成为华语片常客再说吧,10027
37332784,我，许可,宇昂OnTheGo,2026-04-02 23:26:18,许可把妈妈的鼻梁比作越南的钟乳石、把妈妈的嘴唇比作月牙泉的那一刻哭了…此类题材永远五星支持，就像热评说的，先把路走宽。,6982
37332784,我，许可,法外之徒,2026-03-30 21:59:49,把小红书喂AI呕出的影像。杨荔钠是粗粝笨拙的一类导演，她没有邵艺辉那种刻画生活细致到最琐碎处的能力，更无法将日常提炼出灵韵。她是努力的创作者，但导演有时真的需要天分。,3338
37332784,我，许可,osnguuua,2026-04-03 21:14:53,我许可不完美的女性电影一直存在，先上桌，再吃饱。,9215
37332784,我，许可,9度米醋,2026-04-05 17:25:41,（我许可把胡春蓉跟许可她爸离婚那段的原台词播出来 撤掉录音）,5938
37332784,我，许可,豆瓣路人己,2026-04-03 08:42:01,市场是需要女性电影，但不是这样的电影。以及任何人为什么要被别人“许可”做什么呢？拼贴式的议题宣讲，让很多都适合被作为切片放在短视频，可是电影真的不是这样的。还好，两位演员撑起了整个戏，没有让故事沦为知音故事。#2.5,2551
37332784,我，许可,常记溪亭日暮,2026-04-03 21:40:20,都在说这电影喊口号，它喊了什么口号？是喊了“不是非得赢只是不想输”了？还是喊了“我命由我不由天”了？,5854
37332784,我，许可,凹凸,2026-04-03 09:34:13,文淇终于迎来了一个能接住她灵魂的角色，她的“许可”洒脱，轻巧，真挚，勇敢，在社会规训的厚茧里，撕扯开了一道温柔的缝隙。 从性教育，到代际关系，再到女性困境，无需奇观与苦难，当这些尖锐的刺被极度轻盈的笔触写就，已足够动人，也足够有力。 听到文淇说出“你不用认识我，可以的话，永远也不用”，我一整个暴风哭泣。走出影院就给我妈也买了张票，告诉她“这里有我想对你说的话”。,3278
36937765,一个部门的诞生,南悠一,2026-06-13 14:51:38,好消息，半部好戏，铃声一响有种鱿鱼游戏的政治惊悚感。坏消息，后半部说明了，港片不可避免地与内地片走向了一致——虽然想碰政治，但也是真不敢去碰。,44
36937765,一个部门的诞生,壮壮田,2026-06-13 09:24:47,想要表达的诉求都能get到，导演很清楚各种可能的路已经被堵死了，但还是要挣扎一下，居然能在内地上惊到我了。,89
36937765,一个部门的诞生,Xieirse,2026-06-12 17:06:58,比《寒战1994》更聪明的政治电影，片名的暗示已经近乎明示。开场其实有点滞涩，但冲突设定好以后越来越好。官僚化的客服、幻想阴谋论的差人、跑得比谁都快的香港记者、运动团体、媒介资本、英超转播费共同构造了一个荒诞的悲剧。唯一的不满是目前的这个结局。我知道主创不想成斗龙者过关后与恶龙合谋的狗儒结局，但目前的结局也太正确和正常了。相信人民的集体力量，几乎符合启蒙时代以来所有现代国家的基本政治正确也，但因此缺乏当代的具体性。我其实更期待结局主角接下支票把电影拍出来会怎样，廖子妤的角色在没有所谓的目标会如自处和设想未来？想象新的日常和新形势，这其实是更困难的问题。SIFF，SHO,142
36937765,一个部门的诞生,豆瓣路人己,2026-06-12 18:09:42,梁雍婷角色致敬杜sir，那里还是蛮戳笑点的。,42
36937765,一个部门的诞生,妖灵妖,2026-06-17 20:29:22,黑港新模式,31
36937765,一个部门的诞生,Gloria,2026-06-12 23:59:29,28thSIFF第一场 SHO周围坐满爷叔阿姨 很喜欢白只的表演 好的跟其他几位不在一个图层 流血不能解决问题 片中最后关于🇭🇰的闪回 人群为救护车开道的场面 足矣 讽刺懒政 阿sir查案查不到点子上 建议各大运营商来学习一下（bushi 金句频出 但只能记住开关 有机会希望补一下台词 映后导演和主演都很接地气 分享了很多创作细节 希望院线上映之后有更多的朋友们可以进影院支持香港电影,97
36937765,一个部门的诞生,塔拉胡,2026-06-14 20:16:12,好过目前影院的很多院线电影，但不及预期。这个切入点非常妙，原本期待一匹黑马杀出，但可能想表达的太多又缺乏足够的驾驭能力，每个点都有种隔靴搔痒的感觉。人设也是如此，每个人都计划了反转，但没有特别立起来。只有白只那个角色完成度比较高，但过于正面反而浪费了他的演技。,28
36937765,一个部门的诞生,五色全味,2026-06-19 19:43:58,非常香港在地的cut台戲碼，可惜戲里想講的要素太多：職場牛馬、元電影、親情，還要在限制下進行疲弱的反建制輸出。阿倫最近幾部戲都滿出彩，梁雍婷學《跟蹤》裡的邵美琪做粗口女警探，只是完全無氣場是個wrong casting。,13
36937765,一个部门的诞生,隐,2026-06-12 16:58:22,热天午后+银河映像。笑了大半场，最后有点悲。年轻人为了改变世界倾尽了全力，流了血甚至丢了生命，但这个世界真的变好了吗？好在有人到最后还是没有被这个社会驯化，“我不想做开关，我要做个人。”,97
36937765,一个部门的诞生,新月相,2026-06-12 19:03:12,SIFF。英文片名（Dog Day Evening）和内容都向《热天午后》(Dog Day Afternoon）致敬，导演映后也谈到了这点。看到有批评电影升华尴尬的，但我还是被打动了，电影也好，梦想也罢，都不过是无法“退订”的现实的一个出口罢了，虽然什么也无法改变。场景，人物和议题都高度集中，剧本扎实，节奏很舒服，笑点很密集（几次听到有人笑到拍手）。导演提到第一版结局是真的成立了一个部门来解决退订，和我最初想的走向很像，但现在这个结局无疑更利于表达，也更在意料之外。PS：映后结束后观众离场，急得想和观众大合照的谢咏欣大喊留下来，好可爱！Novel Fergus的片尾曲还蛮好听。PSS：怎么还有粤语提问的？！加入英语法语日语提问神人团。幸好主持人：请讲普通话,71
1292052,肖申克的救赎,如小果,2008-02-27 21:43:23,恐惧让你沦为囚犯，希望让你重获自由。——《肖申克的救赎》,25824
1292052,肖申克的救赎,犀牛,2005-10-28 00:28:07,当年的奥斯卡颁奖礼上，被如日中天的《阿甘正传》掩盖了它的光彩，而随着时间的推移，这部电影在越来越多的人们心中的地位已超越了《阿甘》。每当现实令我疲惫得产生无力感，翻出这张碟，就重获力量。毫无疑问，本片位列男人必看的电影前三名！回顾那一段经典台词：“有的人的羽翼是如此光辉，即使世界上最黑暗的牢狱，也无法长久地将他围困！”,23115
1292052,肖申克的救赎,711|湯不餓,2010-03-27 21:30:29,策划了19年的私奔……,18615
1292052,肖申克的救赎,艾小柯,2006-06-20 03:18:55,关于希望最强有力的注释。,14176
1292052,肖申克的救赎,Eve|Classified,2008-05-09 23:15:34,“这是一部男人必看的电影。”人人都这么说。但单纯从性别区分，就会让这电影变狭隘。《肖申克的救赎》突破了男人电影的局限，通篇几乎充满令人难以置信的温馨基调，而电影里最伟大的主题是“希望”。 当我们无奈地遇到了如同肖申克一般囚禁了心灵自由的那种囹圄，我们是无奈的老布鲁克，灰心的瑞德，还是智慧的安迪？运用智慧，信任希望，并且勇敢面对恐惧心理，去打败它？ 经典的电影之所以经典，因为他们都在做同一件事——让你从不同的角度来欣赏希望的美好。,12802
1292052,肖申克的救赎,寂地,2006-01-02 23:57:15,"超级喜欢超级喜欢,不看的话人生不圆满.",7770
1292052,肖申克的救赎,葱,2012-05-28 22:57:42,这样的男人谁会舍得背叛。。。,6579
1292052,肖申克的救赎,文泽尔,2008-01-14 01:53:08,人的生命不过是从一个洞穴通往另一个世界..然后在那个世界的雨中继续颤抖.i hope,4984
1292052,肖申克的救赎,veronique,2006-06-15 18:56:18,"一部没有爱情与美女的电影,却光芒四射",6001
1292052,肖申克的救赎,影志,2006-02-04 05:58:22,"Fear Can Hold You Prisoner, Hope Can Set You Free",5321
36894289,翘楚,Lara,2026-06-12 17:16:58,整体还行，没有那么糟，恶意打低分的太多了，论控评的重要性，，女主没团队是真吃亏,338
36894289,翘楚,猴学家,2026-06-03 20:48:12,get不到男主的人设。。经常莫名其妙的装起来了拽起来了，你只是个侍卫而已啊！！,1648
36894289,翘楚,清纯女高,2026-06-02 12:55:59,去看了两集真的太好看了，剧情节奏很快，每一集都有小钩子，导演真的蛮会拍的，场景画面服化道我是最喜欢的，整个画面就是说不出的舒服，女主在里面好美好灵，真的值得一个五星,1439
36894289,翘楚,江洋雨,2026-06-12 16:10:00,陈都灵的演技把我看笑了，打戏像是撒娇，做饭把袖子和头发都揉进面团里，这种没有脑子的演员最应该被ai取代，ai比她强多了,716
36894289,翘楚,秋秋,2026-06-18 17:18:20,杨龙忘记初心了，拍女频起势的导演总藏着男频心，给男的这么多高光有什么用，撑不起来，女主戏不够过瘾，观众看的不上不下的，男主这设定不当狗没有任何意义,164
36894289,翘楚,momo,2026-06-02 12:55:43,好呆的眼神，这句话无差别攻击男女主…..,2502
36894289,翘楚,AllForNothing,2026-06-02 13:00:08,第一集女主被赐毒酒那里演得也太带感了，后面重生片段配合着BGM真的完全情绪带入。陈都灵演得太好了🥹剧情目前看起来非常快，一集重生三集改命真的很爽！,1318
36894289,翘楚,南国有佳人,2026-06-04 03:06:04,女主演技好差磨皮开得就剩鼻孔了，非常执着于柔柔弱弱的弱女形象，拿刀要手刃仇人也演得踉踉跄跄柔弱无依。男女主毫无CP感更别提宝宝权谋，没一个能看的,1150
36894289,翘楚,豆友W1fS4vjFR4,2026-06-02 12:51:31,陈都灵演技不错，看完第一集 前期少女懵懂被渣男骗 后期复仇的路上不差一分一毫狠劲,1063
36894289,翘楚,_空白格,2026-06-08 12:35:06,好看！陈都灵好会演！,266
36916000,诺曼底72小时,So Magic,2026-06-07 11:48:36,“工整”在这个审美下降、影视作品质量集体堪忧的时代，并不是贬义词，而是质量平稳、有保障的指代，我宁愿所有电影先有能力达到“工整”，再说突破“工整”。为这次的工整鼓掌。,1665
36916000,诺曼底72小时,火口幸存者,2026-05-31 21:21:01,译名稀烂。原名 Pressure 一语双关，既指气象上的高压系统，也指向每个角色承受的心理重压。虽然影片落脚诺曼底，但根本无意铺陈战争场面，而是紧紧抓住决策背后的紧张博弈与人物间的戏剧张力。偏偏片名硬蹭“诺曼底”，再把预告片包装成“大片”，让观众误以为是所谓的战争片，除了吸引一批小学生去影院讲话屏摄，还有什么其他意义吗？,1236
36916000,诺曼底72小时,饿霸地煮,2026-06-08 15:20:14,国产战争片之所以不好看，因为那是属于强者的电影，物质穷鬼但精神巨人，永远是一种俯视蔑视傲视的姿态面对苦难。这部电影则把军人还原为弱者，不是物质的弱者是精神的弱者，永远恐惧不确定性，无法承担一个决定的后果，每个人上至艾森豪威尔下至诺曼底的一个小卒，都在无匹的命运之力面前瑟瑟发抖。角色被压抑到极致，因此能依靠的东西则洗尽铅华，在狂风暴雨中显露出来。没有什么独特的，一是专业的知识，二是怜悯心和同理心。,1092
36916000,诺曼底72小时,甲等碳基軀殼,2026-05-30 16:12:34,职场人深有感触，上级施压同事对立，剧情俨然现实职场缩影。,768
36916000,诺曼底72小时,黑键之间,2026-05-30 22:37:57,看完更明白和平不是天上掉下来的，是无数人赌出来的。,733
36916000,诺曼底72小时,豆友imx,2026-05-30 16:24:18,看完这部电影，按照当代职场来总结：员工的上限是能力，团队的上限永远是领导的格局！也终于明白，艾克为啥后来当选美国总统了。,853
36916000,诺曼底72小时,甘草披萨,2026-05-30 17:09:45,第一次看点映有点小后悔——理所当然应该在6月6日看呀唉；万万没想到，这是一部社畜必看片，尤其当你的上司是咆哮级的艾森豪威尔时，弱小无助(同事也都不喜欢你)的你该如何应对呢——当然是凭借冷静和过硬的专业能力，莫娘演技不得不说真·整容级的，且不是靠妆造，纯粹靠演技；与至暗时刻、模仿游戏等二战片同款，从气象角度构成了二战大历史大图景的重要拼图，也和前述片一样工整到略嫌匠气，制作确实精良，构图(出片名的镜头就很震撼)运镜感觉都是计算过的，可惜没找个水平超过硬的导演来拍诺曼底登陆，不是说以战争片角度来展现，而是要有与本片切入点有勾连的特色和气势来；以及虽然气象是科学，但由气象历史上未出现过的气压系统变化而形成的窗口期还是令人感慨历史进程确有“大势”这样东西存在；把苏格兰人当形容词来黑过分了啊哈哈哈,359
36916000,诺曼底72小时,总有蓝天,2026-05-30 20:04:26,给两星嫌少，给三星嫌多，思来想去还是给个不及格吧。其实电影在一开始放出来的字幕“THIS IS A TRUE STORY”（内地很不知道为什么翻译成“根据真实事件改编”，不达意啊）就能猜到主创的创作思路了，戏剧冲突不能说没有，但与其说它是电影，它更像央视10套在反法战争胜利纪念日会放的专题片。,133
36916000,诺曼底72小时,Teletubbies,2026-05-30 20:30:18,男主第一次上台汇报，会议室所有官员都盯向他的那个镜头，我当时就觉得如果有名字，这一幕应该叫“PRESSURE”，看完才发现片名就是《PRESSURE》。准确而深刻的moment。为这个奇妙巧合多给一星。,845
36916000,诺曼底72小时,豆友253568679,2026-05-29 21:36:58,希望世界和平。战士下岸冲锋的时候真的难受了。,715
35295564,主角,Emily甜甜,2026-05-18 03:58:23,在评论里看见了满满的恶意甚至跟剧无关的偏见，班底制作宣发演员都顶级，没有主角光环，没有崇高的理想主义，没有因为是主角就赋予他们完美的人设，立得住每个角色，拍出了戏剧老艺术家的风骨，这都不算好剧的话，建议还是回去看清一色的流量古偶吧。,5705
35295564,主角,null,2026-05-15 02:25:04,性压抑了一辈子永远把少年时幻想过的班花当成女主来拍而且每部剧里必然要拍强暴的老伤登不甘心退出历史舞台，还要藏在幕后监制下一批伤味十足的扛反大作，易谋真是辛苦了。,2824
35295564,主角,佐棠,2026-05-28 18:52:07,女主看似草根出身、吃得苦中苦终为人上人，实则从小到大她不敢争、不配抢，但最后好东西全都是她的，如此亨通的际遇，龙傲天小说也不过如此了。 镜头对女主的刻画，除了老实本分肯吃苦，并没有什么闪光之处，与其说女主自己靠吃苦耐劳赢得了成功，不如说是一个个或怀才不遇、或鲜活热烈的男人路过她、托举她，捧出了一个完美的艺术傀儡。 不过话说回来女主小时候我还是很能共情的，长大后变得扁平了。,1250
35295564,主角,宝宝,2026-05-10 20:42:33,现在的剧为什么都那么用力？到底是为啥？做作的不行,2390
35295564,主角,SherrylemonD,2026-05-21 22:53:36,剧播了一半来看评分，发现一群瓜皮迫不及待不知出于什么目的破防乱喷，然而收视率和网播热度证明了该是好剧它就是好剧，埋没不了，各位演员的演技尤其是张嘉益老师和孙浩老师，好上加好，剧里秦腔的悲凉的调子一响就可以把人拉回童年的戏台和广播，主创们的改编也很用心，希望让更多人看到，它值得，制作精良的年代剧值得。,2213
35295564,主角,血清,2026-05-14 19:50:25,老谋子这又是怀念他的乡土文艺伤痛文学了,1334
35295564,主角,河洲,2026-05-26 20:45:25,前面很好，存子出来后太出戏了。小青娥是倔强的野草，大青娥眼神空洞无神，存子演技还是差太多了。一上镜就是刘浩存，不是青娥。,2123
35295564,主角,沈壮壮,2026-05-16 21:09:34,黑娃小演员、小青蛾以后感觉戏路很好啊,673
35295564,主角,桃桃林林,2026-06-04 17:12:41,3星半，还是喜欢小演员的前半部分，选角太出色了。后面各种遗憾吧，包括节奏也有问题。但整体上，还是近期非常值得关注的一个年代剧，各方面制作都很出色。到最后，大概也懂了，所谓主角，其实是秦腔本身吧，大家也只是搭台唱戏，轮番上场，而群戏以及众多周边角色的故事，其实更丰满了这个剧。而悲剧感，也本就是伴随秦腔的。至于忆秦娥这个主角，其实也是做不了主的，是被命运一路推着走的。而最后，把结尾收在了胡三元和花彩香这条线，也明确了，扎根在乡土的，才是秦腔的魂。,246
35295564,主角,一秒钟,2026-06-27 01:20:01,25年已看。刘红兵、秦忆娥、封潇潇都不算正常人 按照老谋子这两年的创作热情，这片明年（2021）夏天开拍，后年（2022）上映，为啥后年？你看看他囤多少了。。,5
36884141,炽夏,张怀民,2026-06-19 10:09:05,编剧上过学吗 看个笔记立马就变成学霸了，爱因斯坦来了吗,590
36884141,炽夏,1008208821,2026-06-20 00:35:31,我说包上恩不会就止步于装腔启示录了吧。,86
36884141,炽夏,拉赫玛尼诺妇,2026-06-23 09:43:50,🆘2026年了还在拍这种土掉渣的东西，男女主两根大木头,313
36884141,炽夏,嵇珞疏,2026-06-16 12:23:35,周柯宇演技很牛啊，感觉是内娱00生top，陆西骁被他演的一丝丝李雾的影子都没有，他演戏有超出年龄的细腻，剧抛脸台词好眼技好，身上还有种独特的故事感，气质颜值也OK，演戏不油腻不做作很自然，也有性张力和苏感，和包上恩也真的还蛮有cp感的！导演很会拍“爱”和“心动”，审美非常在线，镜头调度构图布景和光影运用调性十足，白桦树金鱼等意象用得极妙，镜头有种文艺风和梦核复古感，剧情节奏很快，而且不无聊很有趣，编剧偶尔的幽默感点缀全剧，ost🎶也好听，请允许世界不是纪录片允许罗曼蒂克存在，请允许生活中有天真有梦幻，允许有人可以在青春里尽情撒欢，偶像剧也不能全用现实主义来衡量，抓马浪漫天马行空本就是偶像剧的一部分！！！【希望在这个夏天 大家都可以如鱼得水 遇水则发☺️💕】,410
36884141,炽夏,奇爱学士,2026-06-21 10:53:58,女主给我一种学渣硬演学霸的感觉，男主呢还是纯嘉豪，都什么年代了还整这种人设，端出来一盆馊饭。,278
36884141,炽夏,owow,2026-06-17 10:42:22,看力竭了……这几年偶像剧拍了多少部问题少年和乖乖女（or学霸女）的剧了，真有这么压抑吗? 渴望自由你考上大学就自由多了，毕业以后经济独立更自由，没必要非和叛逆少年恋爱。 剧情真的好土，不敢相信是今年的剧……去看了下原著，原著就是个离谱早恋故事，让高中生男主说“你算什么东西，也敢碰老子的人”，问女主“考试进步几名给他亲”，土味精神小伙。这种故事有什么改编的必要吗，就算你拍早恋，难道就没有脑子更正常点的青少年恋爱可以拍吗，不然看看隔壁最擅长拍青春的日剧日漫学习一下呢。 高中生不需要记数学笔记，看课本就够了，数学提分要围绕知识点刷题整理错题本，而学霸错题本里的题普通人根本看不明白，不可能看学霸的笔记数学成绩提升…… 豆瓣简介还来个“陆氏太子爷”……大清早亡了，还搁这封上太子了，吐血。,544
36884141,炽夏,尔因斯坦,2026-06-18 10:23:49,强烈建议靠关系上位的编剧们～去韩国学习一下，反正也是公费旅游！,336
36884141,炽夏,mòmò,2026-06-16 20:28:48,男主这颜值怎么演上偶像剧的啊,783
36884141,炽夏,绝咯,2026-06-20 09:45:40,导演你想梦核，但你能力有限。 编剧你想创新，但你没有技术。 周柯宇凭借一己之力，扭转大局，很难想象这是李雾的扮演者。 蒋凡演的也超自然风趣！在内娱好难得。 包上恩好美 ，就是有很多时候情绪处理不准确。,166
36884141,炽夏,📣,2026-06-16 13:38:46,什么乱七八糟的剧情，台词尬到离谱，男的丑，女的木，配角一个个跟无脑npc一样，编剧能不能先上两天高中再来写剧本，内娱啥时候能停止拍这些脱离现实的弱智偶像剧?,703
37061179,校园之外 第一季,Mona,2026-05-21 02:11:27,Ok I have to say 这样的hot fuck boy体育生同时拥有纤细的女性心理同理心和懂得尊重在现实中存在的可能性我敢断言为零 完全就是神话故事 真的too good to be true 选角真的很有味道也很养眼,3170
37061179,校园之外 第一季,马口罗的护腿板,2026-05-20 14:45:42,可能我到80岁也会为这种剧心动,2200
37061179,校园之外 第一季,Footnote M,2026-05-23 19:52:01,那还是Heated Rivalry好看多了,396
37061179,校园之外 第一季,renercc,2026-05-20 09:45:06,异性恋冰球追上来了！,1922
37061179,校园之外 第一季,秋日进行时,2026-05-25 10:23:31,简直像做梦一样健康,1819
37061179,校园之外 第一季,momo,2026-05-31 02:10:59,好看晕了。全世界最善良的体育生都在这个电视剧里了。too good to be ture,1567
37061179,校园之外 第一季,兮兮兮大王,2026-05-20 22:20:25,好好看好喜欢！简直是非传统美剧，没有药物问题没有政治正确没有无病呻吟只有治愈原生家庭的疼痛和成长伤害了。主要的角色性格都超级阳间且都长嘴了，没啥隔夜的矛盾。虽然哲学部分有点尬，但是总体看的完全开心！男女主化学反应挺好，男主人设真是太好了，俩人都是伟大的引导性，果然遇到对的人就会成长为更好的自己。女主闺蜜那对也不错，期待一下俩人狗血后续。冰球四人组最喜欢logan，好帅啊！！其实感觉logan和女主我也能嗑哈哈，期待第二季logan的故事。以及老熟人kevin竟然都来这里演爸爸了 真是老了老了 他也是 我也是🥹,840
37061179,校园之外 第一季,MSUN,2026-05-22 10:19:55,看的时候：这剧必有高人指点 看完之后：原来是女作者女编剧女导演，了然了,1872
37061179,校园之外 第一季,momo,2026-05-21 22:09:53,第4集一出就知道此剧必是女导演的手笔……果然，在女性的想象里体育生都变得不那么面目可憎了🥹以及，最心疼的还是logan，妹妹jules点醒他的那段话真是残忍又清醒。导演答应我，下次别让这么帅的人演败犬了好吗？,1234
37061179,校园之外 第一季,夏沐,2026-05-25 03:33:53,喜欢Hannah在确认自己心意后立马去找Garrett，好的青春剧就是要看男女主一起成长，而不是一直在摇摆不定。我还挺嗑他俩的，可惜作为主CP只有一季，不够看呢。,771
35517044,低智商犯罪,后戏,2026-05-10 17:54:30,过程全错，结果全对，验算还错，结果还对。,4210
35517044,低智商犯罪,浮生若梦,2026-05-14 11:27:35,没有咖位番位之争，只有会演戏的人在大飙演技，除了田曦薇几乎所有都是金牌配角，以后就照这个方向卷。,2688
35517044,低智商犯罪,Sylvia,2026-05-05 22:36:01,不行了，好对我胃口，好喜欢，好好笑！各路人马蠢的恰到好处，一股疯狂的石头味儿🤧片尾曲也好听，很随性的感觉哈哈,2793
35517044,低智商犯罪,王妃的故事,2026-05-05 10:38:10,有病的上司、一根筋的小弟，这个家没有了胡建仁真得散，我们荣城也有自己的摄政王,3379
35517044,低智商犯罪,相思最温柔,2026-05-08 09:13:30,能看不算好看，女主像个人机,1953
35517044,低智商犯罪,大哉乾元,2026-05-04 18:52:24,王骁牛，我其实一直觉得这本内容没问题，但张一昂背诗那个设定要怎么处理得好笑又落地还挺难的，没想到他演出来了,4019
35517044,低智商犯罪,偷喝一口夏🍃,2026-05-04 18:22:35,在看腻了陈年旧案、杀人悬案、师徒心结、苦大仇深的各类“雷同式犯罪破案剧”之后，终于迎来了一部完全不一样的“新犯罪剧”。够搞笑，够荒诞，够黑色幽默，够电子榨菜，是犯罪剧的一次新尝试，更是国产长剧的又一次“自救努力”，试问这样的作品，哪怕有瑕疵，又怎能不双手奉上五星好评支持呢！ps，选王骁来演张一昂的一定是天才，玄学加身的真诚眼神太让人信服了哈哈哈，信昂哥，得好运！,3241
35517044,低智商犯罪,啊么吸溜,2026-05-14 09:17:00,接张一昂事业运🙏🙏🙏 （三江口文旅slogan：中国人有自己的佛罗里达（x,1585
35517044,低智商犯罪,壹安²,2026-05-07 21:18:28,一集即上头！王骁，你的春天终于来了！,1024
35517044,低智商犯罪,Kyfan🌋,2026-05-06 22:17:02,一开始看还不觉得惊艳，越看越上头，一环套一环，剧情总是意想不到，黑色幽默风格，有当年疯狂的石头那味了，能在一个长剧里每集都有很多巧妙的构思，很不容易，出场的人物都各有特色很鲜明，每一个角色都有重要的作用！在目前的悬疑剧里来说，算是比较新颖有特色，独树一帜了！希望国产剧越来越好吧。,1108
36808520,魔方小姐,朝阳区妻夫木聪,2026-06-30 00:30:22,一部成熟流畅的商业片，杨紫琼时隔多年重返华语影坛，交出了让人满意的答卷。影片以落魄“小天才”搭配反骨“老顽童”这么一对师徒组合为主角，魔方作为推动人物成长的重要驱动力，最后让角色彼此都获得了救赎和成长。正如影片想要表达的，拧魔方有亿万种可能性，就跟人生一样，人不应该只有一种活法，不应该被困于年龄、性别、身份，社会的眼光，以及一时的胜败得失。我很喜欢这个表达，也完全契合了杨紫琼这些年来的演艺经历，她对这个角色的诠释也很到位，倔强顽强，骨子里有一股时刻都要撑住的拼劲，却会在闺蜜面前流露出难得的柔软和感性，这也是整个故事里很细腻很女性表达的地方。,665
36808520,魔方小姐,20个小明≯,2026-06-25 19:33:00,非常工业流水线，没有任何惊喜，刘昊然的台词能力毫无长进，请杨紫琼演这种预制励志鸡汤商业片完全是大材小用，纯纯浪费影后演技…,294
36808520,魔方小姐,墨语,2026-06-30 19:16:26,很难相信拍出《过春天》的白雪会拍出这样的片子😶,45
36808520,魔方小姐,柯里昂,2026-06-30 00:28:16,关于衰老与梦想，白雪上一部讲青春，这一部讲银发，上一部冷静到近乎无声，这一部热血到溢出屏幕，很反套路的社会洞察了......传统商业片语境下，银发人群似乎只能让位于那些更潮流、更年轻化的叙事，但真正的角色魅力从来与年龄无关，于银幕内外，杨紫琼都非常适配这个角色，甚至可以说这部片就是为她打造。每个人终会变老、也都曾滚烫过，拿起魔方那一刻何尝不是一种“我命由我不由天”式的宣言.....青春热血有动人光彩，银发人群的热忱也同样珍贵，不同人生的滚烫热爱都是独一无二的！,711
36808520,魔方小姐,マクガフィン,2026-06-24 20:31:47,好失望，白雪+杨紫琼就搭出来这么一个大路货。之所以给个及格分完全是希望杨紫琼多拍点华语片，以及对于原型人物的敬意。片子本身真没法及格。把魔方换成下棋、数独什么的也完全不影响故事，和大鹏的《热烈》一样没有灵魂、没有风格。,42
36808520,魔方小姐,天马星,2026-06-19 18:35:20,怎么能这么好！像魔方一样，所有人都各司其职各归其位，这才是电影的魅力，团队的魅力！这其中主演杨紫琼和导演白雪尤其值得五星表扬。葬礼这场戏给杨紫琼五星，一句“你不要忘记我”哭崩全场，超越奥斯卡时刻的表演；而结尾这场摸崩块戏给白雪五星，所有的伏笔、铺垫和情绪都在这一刻爆发——从证明自己到享受人生，那些黑暗中匍匐着、挣扎着、摸索着的时刻都成了这一趟人生来时路的注脚——顶级商业片导演该有的编排能力。《魔方小姐》才是中国顶级商业片才有的样子，个人表达和商业节奏都把握得恰到好处，这个时代需要多点像《魔方小姐》这样的电影。P.S.结尾看到人物原型出镜更加震撼了！,44
36808520,魔方小姐,xxx,2026-06-28 14:21:28,主角人物是有魅力的， 但这也太工整了吧…于是工整到没有了难受，也没有了燃，只有最后那段回忆奏效，为什么不把回忆那段作为更多主线剧情呢？,29
36808520,魔方小姐,克里斯蒂,2026-06-30 00:17:27,人到晚年，所有人都告诉你人生大局已定，所有遗憾、热爱、梦想都该就地封存，可艳红偏要从零开始学习魔方，日复一日重复枯燥训练，对抗身体带来的各种局限，无论几岁，成长永远没有截止日期！,607
36808520,魔方小姐,顗礼,2026-06-24 22:08:18,为了达成类型的速度与纯粹性几乎抛下一切，逻辑架构极其简单粗暴，且缺乏现实可信度，甚至连契诃夫之枪的设置都具备如此高的可预料性，自然也就毫无风格可言，甚至没觉得那些批判综艺/短视频的段落和它所批判的对象有什么区别，如果不是杨紫琼来完成这个角色，或许连情感都会变得虚假，但她的面孔最终激活了一切不是吗，表演实现度非常可观，苦难，战斗，欢笑，暴戾，乃至一点点身体恐怖的属性，以及所有文戏武拍的“动作”本身都是如此可信，这种力量超越类型本身的情绪煽动性，为童话片底色注入了驱动力，正如片中提出的概念：“你就是那个时空的原力”（很想吐槽的一点是，给刘旸教主这么多戏，还让他按自己在综艺里的招牌状态做反应有事吗？功能化反派就别这么多戏好吗）,23
36808520,魔方小姐,[未注销],2026-06-19 20:03:44,确有其人、煞有介事，野味儿白雪不过春天。 ⒈多层宇宙·杨紫琼、 ⒉年会能停·白客 （映后见面－暗指提问晦涩、直言互动“烂梗”，态度顶翻马杰克）。,17
36372941,森中有林,嘟嘟熊之父,2026-04-17 17:20:23,想不起华语电影何时有过如此动人的对话戏，对抗与沉默同样有力，它有着脱口而出未加思索的自然生动，又在悲喜语气的交叠与字里行间的言不由衷里写尽了情感关系的长度与深度。从破败阴郁的街景抽离出来，那些交缠的人物关系与生猛浓烈的爱与仇化成了对时代最真切的悼念。导演有一种能轻松将美好瞬间与漫长苦痛并置的能力，岁月被写作史书，却并非只有终点才是结局。,313
36372941,森中有林,山下猫,2026-04-18 15:15:50,两半。八零后的男导演视角依然，非常心疼中年老男人，自我感动得要命。张天爱的盲女是最适合男凝的角色：她看不见，judge失权，她又貌美，无法感知被凝视，同时她残疾弱小有个男的帮她一把就是以身相许的大恩了。高圆圆也是底层男最爱幻想的那种大嫂：有钱人身边的女人一定不快乐被虐打，这才能显出老实人的好来。八年不见非得勾搭一个煤气罐师傅，简直男porn幻想。高圆圆真是好学生扮太妹，爱儿子到了变态的地步。制作层面很好，摄美俱佳，东北的实景好，三亚样板间则惨不忍睹。剧本内核陈旧，调度简陋，小屋对质就是大头对切,800
36372941,森中有林,Ginger,2026-05-24 09:32:14,如果全片结束在于和伟用猎枪抵住下巴的画面就稳了、故事立住了，结果开始包饺子观感直线下降！最后全家福画面简直是中邪了。。怎么能让于和伟演这些！,217
36372941,森中有林,HTKin9,2026-04-26 16:52:27,整部电影震动最大的是片尾郑执后面中国香港四个字,752
36372941,森中有林,マクガフィン,2026-04-17 15:04:52,作为新导演而言当然还是完成度很高了，但我也没法拿新导演的标准看待郑执。原著里我最喜欢的部分都没拍，真难受。,135
36372941,森中有林,SleepWalker,2026-04-26 16:56:46,郑执的导演水平远没有他的写作水平高，不过作为处女作，在捕捉人物情绪方面还算可圈可点，两家人三个时间段的恩怨纠葛是拍出来了，但在剧情节奏的延续尤其是情节过渡方面是完全不会处理，唯一的悬念直接用于和伟的颅内想象完成，还能比这更偷懒吗？韩庚也是第一幕之后就没啥作用。最后在海南民宿的收尾戏，本应是戏剧冲突最高峰，却演绎成一场令人哭笑不得的闹剧。于和伟拿天坛男主倒是不虚，可乔杉的表演真值得一个男配？,74
36372941,森中有林,豆瓣路人己,2026-04-17 15:43:52,谁能想到，在作者表达和商业类型之间，最后选择了包饺子。,590
36372941,森中有林,西楼尘,2026-04-17 16:24:52,几个人盘根错节的命运纠葛，看得人十分唏嘘。导演是作家出身，文学性有所保证，但是过多的巧合让片子离现实主义很远。导演在视听上有想法，辣白菜与鲜血在视听符号的对等运用，黄鹂和白鹭的诗词意象与人物的对应都很妙，情节设置上出人意料，展现了大时代下小人物命运的悲欢离合。最大问题还是关联情节里缺少可信度，但演员的表演还是给人不少惊喜，尤其最后一场吃饺子的戏堪称今年国产电影里的名场面。另外本片在应对国产犯罪片结尾审查的方式做了新的2.0迭代，不再是一行冷冰冰的字幕交代有人被绳之以法，而是当彩蛋拍了个情节。宋小宝的表演很有趣，张天爱和夏之光完成任务也蛮有惊喜，孙悦的出场是惊喜。,76
36372941,森中有林,你啊抖,2026-05-01 16:16:11,这波是明知山有屎偏向屎山行了。中年失意的人生、辉煌过的青春、和我恨海情天的前女友，我纯洁柔弱不能自理的瞎眼女儿。以上要素就把我雷得不轻了，国产浪漫好难看。作为文艺片太浅，作为类型片也不够有趣吧。,53
36372941,森中有林,影探,2026-04-17 22:20:58,让人惊喜又唏嘘的片子，节奏前慢后快有点失衡。高圆圆宋小宝的角色跟以往都有很大反差反差和突破，尤其高圆圆的角色既是恋人又是母亲，集情欲和母性于一身，演绎得非常到位。她和于和伟角色的爱恨纠葛让人动容，游离在亲昵和无法逾越的隔阂之间。摄影很有韵味，最后包饺子那段也颇有神韵，用突如其来的幽默将三代人的爱恨纠葛冲破和消解。整个故事如同命运跟人类开的玩笑，但用几十年的尺度去看人类浮生烟火，那些对人类来说生死攸关的悲欢情仇，对命运来说又何尝不是一场轻如鸿毛的玩笑？,171
36812879,抓特务,背兜北斗星,2026-06-19 18:05:36,最后坦白的那场戏，两位演员明明很卖力的，还是感动不了，我认为绝不是时长原因导致铺垫不够。,686
36812879,抓特务,白马入芦花,2026-06-19 15:02:32,且看且珍惜吧！中国电影的风评也不知道是怎么了，也不知道以后还能不能看到这样以小看大，从两个政治面对立的两个人的生活过往，跨越四十年见证国家的发展历程。。看完以后感慨万千，按现在的电影环境，以后还有没有导演能拍这种题材的影片了。看一部少一部了……,2042
36812879,抓特务,乔峰,2026-06-19 11:23:34,属于冯小刚的，有中国特色的猫鼠游戏。,1100
36812879,抓特务,Cedric,2026-06-19 11:22:49,剧情刻板到一眼看穿谁是特务，敌人蠢得离谱，主角全程顺风顺水。没有智斗，没有反转，台词千篇一律，情节平铺直叙，整部片子枯燥又老套，毫无看点。,1067
36812879,抓特务,大奇特(Grinch),2026-06-19 14:40:59,电视剧版是我心中不可逾越的高峰，电影版只是电视剧版的浮光掠影，要容纳横跨四十年、两个家庭两代人的完整故事，必然只能碎片化保留关键情节节点，很难留出空间做人物逻辑铺垫和情感细节刻画。每个阶段每条线都只能浅尝辄止，人物行为的逻辑累积、情感的转变过程都会被大幅压缩甚至删减，给人以跳脱、赶场的观感。,530
36812879,抓特务,K,2026-06-19 11:27:22,是删减的问题吗？我怎么感觉这电影在剪辑上非常凌乱啊，其实取《抓特务》这种名字有些名不对题了，这电影大概是想讲人情政治，人物塑造上倒是挺好的。,458
36812879,抓特务,三缺一,2026-06-19 11:37:10,带爸妈一起看的，难得遇到一部全家看完都觉得不错的片子，两个多小时感觉一下就过去了，意犹未尽。雷佳音和胡歌这次确实有东西，一个把警察身上那股认死理的轴劲演得很准，一个把特务的谨慎、退缩和憋屈感拿捏得很细。两个原本怎么看都不对付的人，偏偏又成了抬头不见低头见的邻居，那种互相试探、互相较劲的张力，最后都落在胡同里的烟火气和人情味里。尤其几次对视特别有意思，随着时间往后走，里面的意味也在变，越品越有味道,724
36812879,抓特务,违章的蝉蜕,2026-06-19 16:43:04,芳华粉的充气娃娃，暑期档的惊蛰无声。九龙城波动的菜价冷冰冰，东来顺现切的羊肉热腾腾。爱妻者家破人亡，亏妻者却风平浪静。扑朔迷离的特务如同薛定谔的猫，愣是把一根筋作践成巴甫洛夫的狗，草木皆兵。,285
36812879,抓特务,深空卡西尼,2026-06-19 11:38:14,强烈建议带爸妈去看！开场五分钟我爸爸就坐直了身子，那个胡同、那个煤球炉子、广播里放的新闻，也是我爸爸小时候的记忆。他说这电影拍得太真了，那个年代的人就是那样，认死理、一根筋，但也特别有劲儿。我突然理解了他平时为什么那么“轴”，原来他们那代人就是这么过来的。《抓特务》讲的就是我爸妈的青春啊，是他们经历过的那段日子。我觉得这片子是拍给他们那代人的礼物，让他们知道还有人记得他们的不容易,649
36812879,抓特务,Mr. Infamous,2026-06-19 11:31:15,冯小刚一回到情感深重的北京年代戏里，就如鱼得水。以为会是只为刺激肾上腺素的寻常谍战片，但原来不是，也幸好不是，正因为并不专重于一次猫鼠游戏的呈递，而是反类型地猫鼠捉藏几十年，以肖大力执着地等瓦房漏雨、冯静波惊恐地盼重山飞渡，来勾连天职相杀的两个人，才在几十年的跨度中让人心底的向善变得厚重，变得丰润，才在非黑即白中袒露得出人性摇摆，在复杂人心中见得到那些年月独有的单纯与善良，最终穿插出关乎人生空濛的时代大戏，以及更重要的，关乎情谊璀璨的市井故事。耐看之余，也很幽默，哪怕是杂糅种种苦笑的诙谐，也很能体现北京话在日常中顺手拈来的语言魅力。这形态万千的表述里，一整个邻里街坊、冷暖人情，都出来了，特务抓到最后，抓的都是人情，这就挺妙。,498
36953973,特立独行,Mr. Infamous,2026-07-02 23:45:54,“他死了，大家才能活。”一道惊雷。起初是俗烂、寒碜、尴尬的超英模仿秀，哪里想到从长海整治职场、官场开始，笑点的拼接与堆砌越来越有意思。这样一块钢板般的璞玉进入被常年美化的所谓社会染缸，一言一行都在猛击我（们）极其熟悉但并不希望熟悉的经验与痛点。我们寒窗苦读一年又一年，怀着憧憬与激情，结果就是为了被那些官腔驯化，被那些规则撕裂，把自己揉成毫无棱角甚至害人害己的行尸走肉，人生之悲在二十来岁就已浓于深秋严冬。后段拍出许多讽喻之处，平日想言不能言的内容俯首可拾，尤其长海最后一句。但也因此不喜欢更高的（清）官出来拯救肃清——请问你们平时在哪，你们是真实存在的吗——也觉得后面喜人们那些超英片段“好像也没那么热血沸腾”（改名那段才见功力）。三星半。,333
36953973,特立独行,刺鸢,2026-07-02 18:51:58,国内目前这种超级英雄电影真的不多，好的更是少之又少，但这部算一部！小白的超人摔得不行，从一个有个性，从不屑配合官场之道的超级英雄，不断被驯化，变成一个深谙职场规则，到处阿谀奉承的“凡银”，讽刺桥段设计得都超级巧妙，中间各种刁难，官场话，为人处事，看得直接想起自己的工作经历，感同身受！另外结局有反转，这里不做剧透，还是非常巧妙的。特立独行，真的很行！,896
36953973,特立独行,韦斯安徒生,2026-07-03 06:00:39,没把故事背景设定在山东真是可惜。 其实立意、创意、表达都不错，好的地方都在现实批判的部分，但你说它要不套这个恶搞超英喜剧的壳，讽刺喜剧的那部分又很难拍出来。,161
36953973,特立独行,极圈里的燕鱼,2026-06-27 16:54:03,选角都挺合适的，张国强演得好，浑然一体，比我们领导演得高明多了。 以为是喜剧片，其实是披着喜剧外衣的恐怖片，搞笑的地方笑出来了，恐怖的地方却哭不出来。让人感到害怕的环境，可能会是好环境吗？ “规矩是给守规矩的人制定的。 他们只是得到了早该得到的，却要跪下来感谢。”这些台词让人倒抽冷气。 这也能拍吗？这些也敢说吗？这能过审吗？以后还能不能看得到了？……让你自发开始担心、疑惑、发问，这份规训才是可怕的。我们需要很多很多个特立独行的人。,887
36953973,特立独行,女神的秋裤,2026-06-28 14:23:50,一部让人笑在表面、痛在骨子里的现实喜剧。精准戳中百姓的笑点和痛点，笑点背后全是尖锐讽刺，而且尺度不小：官僚主义、形式主义、官商利益捆绑，办事窗口的刁难，官员在镜头前卖力作秀，满嘴口号，一心只想升官发财，民生疾苦抛之脑后。白敬亭塑造的理想主义超能角色，起初坚守原则，像极了初入社会的我们，纵使有一身能力，在充满人情世故的现实中也只能碰壁。他放下底线和原则，在酒桌上曲意逢迎，鞍前马后，让人心生悲凉。他守护了地球，却败给生活。笑点背后是雷霆的拷问：人情世故方便了谁？规则和法律又圈住了谁？看完觉得像这种直面社会痛点的作品，有辛辣的表达，能顺利上映，本身就是影视创作环境的进步。,815
36953973,特立独行,子戈,2026-07-03 14:56:12,开心麻花一贯的毛病一个不少，但看到最后，怎么说呢，有点振聋发聩，也有点肃然起敬。所以它必须从一个特别扯、一眼假的设定开始，就让所有人觉得我这开玩笑呢，但开着开着，会有特别真的、真到不敢看的东西翻上来。 我是一个人包场看的，很不真实，最后一句台词说出，啪一下黑屏，都觉得恍惚。开心麻花很多时候不知道自己有多残忍，还把残忍当笑柄，但这次，我感觉他们有点意识到了。一句话总结是，美国队长来了，也闹不过中国县长。但看完发现，它想讲的比预判的还要多一点。至于多的那点是什么，用特立独行无法概括，最接近的词是铤而走险，或者破釜沉舟。,74
36953973,特立独行,奇爱博士,2026-06-27 17:32:47,披着超英外壳，却不是一部无脑的爆米花喜剧。在近几年的国产喜剧里，它都算得上是特别的。让人大笑之余，还留下一声无奈的叹息。每个在世俗规则里挣扎的普通人，都会有自己的共鸣之处。,694
36953973,特立独行,史蒂芬电影社,2026-06-27 16:28:47,中国大陆特供超英题材电影，直人和怪人间的碰撞迸发出了极强的喜剧效果，笑点跟随潮流足够新鲜有趣，在保证笑料足够的情况下也保证了两个主角的成长空间，难得规整的喜剧电影,773
36953973,特立独行,PG-13,2026-07-03 00:25:49,黑色幽默，讽刺喜剧绝了。超出预期的好笑，小白第一次出演喜剧电影，没想到效果这么好，有点喜剧天赋在的。小包袱不断，酒桌那段真的要笑死在电影院了，很多地方都照进了现实啊，真敢拍啊，魏翔和国强老师演得也好。最后的剧情和伏笔，让我鸡皮疙瘩当时瞬间起来了，导演是有想法的，给到一个夯！,682
36953973,特立独行,猫阿水,2026-07-03 19:04:04,非常尬的故事，但张国强这个县长演得绝了,46
37116446,给阿嬷的情书,莓猫饼,2026-05-01 22:25:39,如果女性主义的发展是让我们有武器去抨击和贬低被时代背景钳制的女性，那只能说中国的女性主义发展得很失败。每个时代都有自己追求的可贵品质，那个时代或许是忠诚，这个时代或许是自由，这都是时代所赋予我们各自的局限性，追求本身并无高贵之分。希望评论区满口厌女标签的人，懂得什么才是真正的尊重女性和支持女性主义。 最后，敬那个已逝去的年代，敬我们的来时路，敬散落在世界但仍心系祖国的华人。,43126
37116446,给阿嬷的情书,廖新刚,2026-05-06 15:53:57,最感动的是阿嬷知道木生60年就死了，第一句话就是谢南枝她带这么多孩子得多辛苦啊。😭,37029
37116446,给阿嬷的情书,豆猪,2026-05-01 22:46:30,很不错，尤其是没给南枝安排个老公这点非常加分,32237
37116446,给阿嬷的情书,斗子,2026-04-26 09:31:38,真的大哭的地方是在信讲完后那段的处理，没有给阿嬷浓墨重彩的表情特写，镜头一拉，她要去看橄榄菜凉了没。镜头给那么松，一切都不浓墨重彩地给出来，但都能深切地舒展开来。那个门框，雨天，青苔，我完全闻得见味道，所有的爱恨遗憾在那一刻落地又具体，各自心中凭说。真的完全沉得住气，完全是千钧之力。,30288
37116446,给阿嬷的情书,Atopos,2026-04-30 23:11:54,8.0 “你是淑柔姐？” “是” “上一次寄的咸猪肉收到了吗？” “收到了” “好吃吗？” “好吃” “好吃我后面再寄”,25132
37116446,给阿嬷的情书,︶︿︶,2026-05-08 17:04:51,从前车马很慢，木与叶要靠枝连接,23863
37116446,给阿嬷的情书,兰花草,2026-04-30 19:32:49,谢南枝她爸长得好像鲁迅，谁懂我一直在出戏。他吐槽相亲男说，“去找母猪合八字吧，一窝可以生十二个”，真的全场爆笑。但笑过之后还蛮感动的，在那个年代，能有如此开明、尊重女儿意愿的父亲，太难得了。,22672
37116446,给阿嬷的情书,EnergyZheng,2026-05-01 23:07:58,油柑橄榄木棉花，木生南枝叶淑柔,14245
37116446,给阿嬷的情书,白桦桦桦桦,2026-05-09 16:08:10,谢南枝，当你写下一遍遍吾妻淑柔的时候，你觉得她是谁的妻子呢,12497
37116446,给阿嬷的情书,博仔,2026-04-29 22:45:39,可能是今年最好的华语电影。,24917
35465012,南部档案,水蜜桃汽水,2026-06-13 21:08:21,颜值好高，主角配角，男生女生都很好看，哈哈哈，我好喜欢🤭。,722
35465012,南部档案,贺今朝,2026-06-12 21:57:58,二位都抱着必出神图的决心在演戏(展示并不绝美的侧脸)。,840
35465012,南部档案,解忧,2026-06-13 13:25:17,我怀疑好评都是刷的，真的，三叔的书你可以看，但是他监制的剧，99成的狗屎稀罕物。,1101
35465012,南部档案,歇会儿,2026-06-11 20:32:57,丁禹兮演这种推理戏很占便宜，因为他有一种让人相信他正在思考的能力。,3315
35465012,南部档案,小白兔别又别,2026-06-11 18:43:20,作为原著粉，丁禹兮就是天选张海虾这句话我说一万遍都不够。这个南部档案大事很妙，我看第一集给我笑死了，后面南部档案馆前辈出来那一段还有他们逃出来那一段，我都笑出声了，打戏很流畅，节奏很快，原声好评！我会继续追！！！,3170
35465012,南部档案,未来的春天,2026-06-11 18:42:02,开篇直接把我看惊呆了！南洋实景拍得真有质感，那种潮湿、阴森、神秘的氛围扑面而来，完全就是民国奇诡探案该有的样子。张新成和丁禹兮塑造的张海盐、张海虾简直就是从书里走出来的，一个痞帅鲜活，一个阴郁克制，演得自然又有层次。再加上三叔亲自操刀的剧情，原著还原度和惊悚感都拉满了，每个案子都看得让人头皮发麻，根本停不下来！,3001
35465012,南部档案,kisskissxx,2026-06-11 18:54:10,南部档案开播最吸引我的就是丁禹兮饰演的张海侠（虾），张海虾聪明沉稳能力强大，是剧情里能垫底的角色，但是他也是悲情的。他用他的牺牲换来了别人的成长。逐渐由完美变得破碎，先是身体上的残缺再到精神上的不完整，这是一场献祭。 这个角色毫无疑问是非常挑战演技的，面对如此难度的角色丁禹兮表演的可圈可点，不管是先前无忧无虑少年时期狡黠中的沉稳，还是残疾后明媚的忧伤，又或者是面对邪神后面目全非的疯狂还有内心的撕扯，这些都注定了他是一个非常“二次元”的角色，这种角色毫无疑问是难演的，但是丁禹兮完成的非常好。 南部档案虽然属于盗墓笔记系列，但是奇幻冒险克苏鲁的元素更多于盗墓元素，很新奇很好看很二次元,2931
35465012,南部档案,酷酷的雕雕,2026-06-27 10:34:38,丁禹兮演的这个人设原著是什么样的，也是这种老是压着眼全世界我最帅的 bking 吗？他以前演技不是挺好的吗，是人设就这样嘛,47
35465012,南部档案,贰贰叁,2026-06-15 09:11:02,建议这种剧以后“仅粉丝可见”，粉丝群里发发就行了,618
35465012,南部档案,某J。624,2026-06-14 17:46:39,1、导演多年后证明了当年镇魂拍得像儿童剧不全是因为编剧。2、上一个拍剧要用固定角度的人叫谢霆锋。,65
37071123,铁拳教育,败败拜拜,2026-06-12 21:14:29,内娱影视寒冬从业者在 b 站上看到这部剧的在线观看人数可以马上流下泪来 hhh,1475
37071123,铁拳教育,咸鱼壮壮,2026-06-12 22:45:22,最触动的是和郑善英老师的转变，当郑善英老师拒绝任晗琳的帮助坚持要自己管理课堂的时候，老师才真正成为老师。铁拳教育只是临时措施，真正实现改变的其实还是一线教师的成长与应对。老师们得不再害怕，有勇气担任起引导的责任，才不会受制于不良风气。,833
37071123,铁拳教育,别吃了,2026-06-07 12:57:10,有些人扯什么现实不现实？现实已经够糟了，电视剧还不能爽一下了？拜托，每天受这些傻逼的窝囊气已经非常痛苦了，老师就是老师，学生就是学生，确实有不少恶人老师在，但是现在对学生的保护已经到了有点无法无天的地步了，老师也是人,5017
37071123,铁拳教育,透明的哀伤,2026-06-06 21:26:35,你们根本就不懂，身为一个老师，我每天是如何忍气吞声地上班的。我被学生揪过领子，揪过头发，被学生抢手机，被学生辱骂全家，被学生造谣等等。有时候只是走在路上就要被他们莫名其妙锤一拳。经常课上到一半，学生三五成群躲到厕所里面抽烟，抽完还要回来把臭气哈我脸上……反馈给家长反馈得多了还要被指责我针对他家小孩……,4079
37071123,铁拳教育,Meaningful,2026-06-13 07:11:55,爽剧……但是男主的前妻简直是标准的圣母……,563
37071123,铁拳教育,涉江采芙蓉,2026-06-14 20:26:34,教完一天书来这么一集真是惬意😌,746
37071123,铁拳教育,momo,2026-06-07 20:02:23,很爽，但第三集真是让人不适。女学生污蔑男老师性骚扰逼死男老师的概率，和男老师侵犯女学生并逼死女学生的概率有多悬殊都应该心中有数。创作者选择了前者视角作为典型，太遗憾了。（更新：第四集不错，把第三集拉回来了点）,2132
37071123,铁拳教育,小猪没烦恼,2026-06-06 11:26:20,本老师看的乳腺及其畅通，剧情其实有很多不合理的地方，但是本来就是爽剧，看的爽就完了哈哈哈哈哈哈,2971
37071123,铁拳教育,坏脾气小白,2026-06-12 19:02:46,没有把窝囊气留到下一集。 看完了，扣一颗星。最后一集，最恶心的罪犯没死。 恶魔是不应该得到宽恕的。 对恶魔的宽恕就是对好人的谋杀。,94
37071123,铁拳教育,momo,2026-06-15 00:40:02,人治取代法治是一种倒退。这一点就让人无论如何爽不起来。,172
